"","Subject","Activity","tBodyAccJerk","tBodyGyro","tBodyGyroJerk","tBodyAccMag","tGravityAccMag","tBodyAccJerkMag","tBodyGyroMag","tBodyGyroJerkMag","fBodyAcc","fBodyAccJerk","fBodyGyro","fBodyAccMag","fBodyBodyAccJerkMag","fBodyBodyGyroMag","fBodyBodyGyroJerkMag"
"1",1,"WALKING",-0.0751945922445614,-0.149804346076877,-0.182019526806667,-0.178329911094211,-0.178329911094211,-0.107950279547053,-0.173978958531579,-0.312014278989474,-0.164570526990228,-0.206055317150932,-0.280799146644211,-0.263328018735789,-0.0803059015182105,-0.260135261440526,-0.350455252784211
"2",1,"WALKING_UPSTAIRS",-0.242735892014465,-0.18419928076195,-0.337984846034811,-0.227449279990566,-0.227449279990566,-0.472747534150943,-0.137677454011321,-0.621717954716981,-0.209725055112579,-0.524753079842767,-0.375290819198113,-0.384328023113208,-0.487856008113208,-0.254473487830189,-0.664297801792453
"3",1,"WALKING_DOWNSTAIRS",-0.0644644151666667,-0.124168749539456,-0.189934873014728,0.0235363210185714,0.0235363210185714,-0.0576176002530612,-0.150732811214286,-0.300987244438776,-0.0953926960358503,-0.177882521796497,-0.22588368184932,-0.0449728833846939,-0.0389168828969388,-0.292035337933673,-0.336941617894898
"4",1,"SITTING",-0.48036964270695,-0.493242321603191,-0.524963214528369,-0.937807602446808,-0.937807602446808,-0.985742109787234,-0.932712165212766,-0.990142534893617,-0.951844592659574,-0.985429278475177,-0.964580450744681,-0.93811386212766,-0.983434152127659,-0.94531698212766,-0.988423582234043
"5",1,"STANDING",-0.482139552744642,-0.494026036393994,-0.528802339813208,-0.983110568113208,-0.983110568113208,-0.992732,-0.977591910754717,-0.994850014622642,-0.983979430974843,-0.990873912012579,-0.985515758522013,-0.983835082924528,-0.992539240471698,-0.981541847735849,-0.99474325009434
"6",1,"LAYING",-0.4569545869717,-0.444211458737667,-0.511190713530333,-0.81853700818,-0.81853700818,-0.9413209465,-0.84688485888,-0.9496510064,-0.87663094732,-0.947427160666667,-0.910309066464333,-0.83003429425,-0.9275521682,-0.84325481254,-0.9375138071
"7",2,"WALKING",-0.132045073877542,-0.266586640458616,-0.274398358070056,-0.356475881525424,-0.356475881525424,-0.222787569504237,-0.499784504576271,-0.552855050847458,-0.31730875959209,-0.31398005334887,-0.513017027090396,-0.450697319813559,-0.166578161131356,-0.59124882720339,-0.570676924067797
"8",2,"WALKING_UPSTAIRS",-0.158549137522674,-0.181748226389236,-0.291291430169444,-0.156649862408333,-0.156649862408333,-0.269329152811458,-0.29862282028125,-0.585054078854167,-0.144674262058715,-0.367211700726389,-0.370420104913194,-0.256023391453125,-0.224967487932292,-0.444616293333333,-0.611309349583333
"9",2,"WALKING_DOWNSTAIRS",0.00329683193039007,-0.173257266538298,-0.183812911593262,0.152768727693617,0.152768727693617,0.117636174239362,-0.21851634873117,-0.377030273446809,0.0476568547702128,-0.052433981806383,-0.309390225821631,0.135973019209574,0.224864071059574,-0.346707649457447,-0.361937145957447
"10",2,"SITTING",-0.477000110359312,-0.498106143168116,-0.524153184053985,-0.960487534021739,-0.960487534021739,-0.985625290543478,-0.953674355652174,-0.99033820673913,-0.967934703333333,-0.984825281123188,-0.975370747608696,-0.958424675217391,-0.983999442391304,-0.966613170652174,-0.989747429891304
"11",2,"STANDING",-0.476378358815864,-0.487894033988426,-0.523139906160185,-0.961875073148148,-0.961875073148148,-0.978582178796296,-0.958704861111111,-0.980578166018519,-0.966614754753086,-0.978787966944444,-0.969336571975309,-0.962285773981482,-0.976112877777778,-0.959282315277778,-0.977802062777778
"12",2,"LAYING",-0.477406222285451,-0.486044664586806,-0.529808443705556,-0.9751546990625,-0.9751546990625,-0.986629886145833,-0.955587811770833,-0.9907425846875,-0.979995115381944,-0.986060338854167,-0.977728365,-0.9751157921875,-0.984971301979167,-0.966605675729167,-0.989870681354167
"13",3,"WALKING",-0.126202771477787,-0.272427708434483,-0.291010657045489,-0.291559634913793,-0.291559634913793,-0.209962836369828,-0.513961218706896,-0.566753389396552,-0.289432768112356,-0.300846836146868,-0.524567446321839,-0.373202308017241,-0.138308253685,-0.601199532586207,-0.578419326982759
"14",3,"WALKING_UPSTAIRS",-0.219227185646158,-0.26277106975791,-0.343640792825706,-0.258806163771186,-0.258806163771186,-0.43796087559322,-0.37810423270339,-0.688444720847458,-0.269913046872034,-0.488810880835565,-0.508163023288136,-0.381930224322034,-0.446765050338983,-0.479696693079661,-0.728455607457627
"15",3,"WALKING_DOWNSTAIRS",-0.114577169279898,-0.212063985336395,-0.249980364008844,-0.0519733098376531,-0.0519733098376531,-0.148935848053061,-0.230544600295918,-0.546243394081633,-0.169868449876871,-0.280394153131418,-0.397419397346258,-0.102454051279592,-0.104290132670408,-0.327408728195918,-0.60059401
"16",3,"SITTING",-0.471943116305929,-0.476078195978333,-0.520606559849904,-0.882842525096154,-0.882842525096154,-0.967815418557692,-0.922436238057692,-0.977385363942308,-0.910939019615385,-0.968311841378205,-0.947824724775641,-0.889406158846154,-0.966228872307692,-0.936057286326923,-0.977293954134615
"17",3,"STANDING",-0.46618299844459,-0.459543586784426,-0.509341576961202,-0.920287061311475,-0.920287061311475,-0.954036941803279,-0.887107285409836,-0.960009553278689,-0.929145564836066,-0.95840919204918,-0.916670237021858,-0.92440250442623,-0.948417141065574,-0.898561040327869,-0.958726614180328
"18",3,"LAYING",-0.474209041241937,-0.478332037283737,-0.52636420197043,-0.968504761290323,-0.968504761290323,-0.977802945645161,-0.952919931209677,-0.984926440403226,-0.970205424489247,-0.977711032284946,-0.971814114892473,-0.966937246290323,-0.975627487903226,-0.960014290322581,-0.983423204677419
"19",4,"WALKING",-0.198176312241389,-0.308806674224917,-0.358333471221944,-0.419864838666667,-0.419864838666667,-0.341809917916667,-0.525454156113333,-0.7057252025,-0.391726209973083,-0.441168927825,-0.596164788472222,-0.55098859325,-0.319523256,-0.601611394425,-0.741047750916667
"20",4,"WALKING_UPSTAIRS",-0.217604102651923,-0.221436154085256,-0.36223312026891,-0.182858117919231,-0.182858117919231,-0.419091866346154,-0.405376771153846,-0.721124416057692,-0.259335772882853,-0.48004609322968,-0.467341902692308,-0.288915698346154,-0.447365186153846,-0.564141850480769,-0.767479354711538
"21",4,"WALKING_DOWNSTAIRS",-0.137186048509667,-0.280359416855185,-0.28581486945963,-0.0655587883922222,-0.0655587883922222,-0.222855167862556,-0.3635894591,-0.614961279222222,-0.248790852214815,-0.328801899814815,-0.500707842420741,-0.141359182764444,-0.227861031756667,-0.443443728777778,-0.653611693777778
"22",4,"SITTING",-0.474155875994833,-0.48238256301,-0.5184900383672,-0.9250513324,-0.9250513324,-0.966340697,-0.9274808034,-0.978148576,-0.938900671466667,-0.9676780879,-0.953712009366667,-0.9244089023,-0.9620426266,-0.9388101534,-0.9764047586
"23",4,"STANDING",-0.47326362148361,-0.464302716961905,-0.513656672790655,-0.898727367589286,-0.898727367589286,-0.960765110267857,-0.893063209107143,-0.965948429107143,-0.919727068842262,-0.962432514345238,-0.925280054642857,-0.906477028482143,-0.958085891160714,-0.900701785,-0.965450678482143
"24",4,"LAYING",-0.467508707178941,-0.471468241088272,-0.526713790604938,-0.94292490987963,-0.94292490987963,-0.965441101203704,-0.93863412212963,-0.98388335787037,-0.954365006296296,-0.967100530771605,-0.966325924074074,-0.93828883862963,-0.960162122314815,-0.954328492685185,-0.9830763525
"25",5,"WALKING",-0.156412232814673,-0.225093684649226,-0.211477803209821,-0.26775870389375,-0.26775870389375,-0.285287650428571,-0.424054953571429,-0.466866115803571,-0.25109132500119,-0.354308108632262,-0.425365124160714,-0.412314707482143,-0.287583518575893,-0.537002167857143,-0.501859437857143
"26",5,"WALKING_UPSTAIRS",-0.153220962966986,-0.19739526325922,-0.24528840557961,-0.0465900907835106,-0.0465900907835106,-0.27879501143617,-0.295102399759574,-0.515738116702128,-0.11250382092766,-0.348787593832624,-0.367595919418794,-0.211676726074468,-0.321645807457447,-0.416504791382979,-0.571914579255319
"27",5,"WALKING_DOWNSTAIRS",-0.0497161109921986,-0.192678201205319,-0.196876635341667,0.208280614797872,0.208280614797872,-0.0465049534595745,-0.28935407028617,-0.423749416702128,-0.0311826914932624,-0.17258909824461,-0.338867017975426,0.0992977655680851,-0.040275878572766,-0.416739844493617,-0.470412834787234
"28",5,"SITTING",-0.470978589555212,-0.483386329000379,-0.514927662383333,-0.929458675113636,-0.929458675113636,-0.967538943636364,-0.932858228522727,-0.97212044875,-0.941945941190909,-0.967796848484848,-0.952481559090909,-0.930979947840909,-0.965492812840909,-0.93975359375,-0.971136886818182
"29",5,"STANDING",-0.466613079685387,-0.460961500169256,-0.503703511349702,-0.892939251160714,-0.892939251160714,-0.949912806875,-0.88385667125,-0.953188312232143,-0.911202341931548,-0.953820332202381,-0.919609041130952,-0.895693281607143,-0.942713931607143,-0.886728957767857,-0.949241450446429
"30",5,"LAYING",-0.474006207069295,-0.476563324676955,-0.528375185918269,-0.962695334615385,-0.962695334615385,-0.978809199615385,-0.95261311125,-0.98509540125,-0.969152365929487,-0.978211997019231,-0.973086565801282,-0.962380176730769,-0.976869157307692,-0.963760066057692,-0.984026259423077
"31",6,"WALKING",-0.109064525933918,-0.19615625676345,-0.157292556088889,-0.2167874405,-0.2167874405,-0.132859995447368,-0.323405378947368,-0.34299941272807,-0.223279255853421,-0.256271624442398,-0.357357732246199,-0.311534850578947,-0.0759506968149123,-0.420164723,-0.387289720302632
"32",6,"WALKING_UPSTAIRS",-0.118181548433954,-0.147314880966307,-0.168787532515654,-0.0306858933871569,-0.0306858933871569,-0.188675081147059,-0.164507477173529,-0.391487609617647,-0.114733988762778,-0.282098192073203,-0.250832963899346,-0.152054686643529,-0.173801537709216,-0.274400453811765,-0.457587026397059
"33",6,"WALKING_DOWNSTAIRS",0.0348718789539583,-0.0874789868940625,-0.0167733650451389,0.3536833228125,0.3536833228125,0.1566736233125,-0.0141799464691667,-0.097082550788125,0.111846730456597,0.00525134898469445,-0.118662294111806,0.270290395822917,0.199321560095833,-0.128363700360417,-0.139219464930521
"34",6,"SITTING",-0.465322352874939,-0.480482839229091,-0.506316942650061,-0.940558093454545,-0.940558093454545,-0.955457664909091,-0.926981642454545,-0.956539899818182,-0.94555177530303,-0.958718908545454,-0.945654833969697,-0.937648797090909,-0.947826677,-0.929637410454546,-0.951615629727273
"35",6,"STANDING",-0.468845079437573,-0.474720807207895,-0.51140375294386,-0.942166563070175,-0.942166563070175,-0.961600791052632,-0.92764815868421,-0.957971228421053,-0.946314080906433,-0.964073749269006,-0.944656234093567,-0.945256955789474,-0.955647792105263,-0.924886529298246,-0.953756818859649
"36",6,"LAYING",-0.460195088063567,-0.462371968773684,-0.513879114581754,-0.908102548394737,-0.908102548394737,-0.952546219649123,-0.914947335877193,-0.954401369912281,-0.931174144617836,-0.954240975818713,-0.94408579628655,-0.908862816026316,-0.95010406754386,-0.929424264824561,-0.954600305964912
"37",7,"WALKING",-0.0771201588800585,-0.191289652988713,-0.177018131837591,-0.148181876164912,-0.148181876164912,-0.110253114857895,-0.252121259179825,-0.197681448035965,-0.116843584012105,-0.202109522371784,-0.359140010654678,-0.251475215052632,-0.0302785439273684,-0.268402340207632,-0.119753116635702
"38",7,"WALKING_UPSTAIRS",-0.245213510122876,-0.214643794218072,-0.362763053253595,-0.266409522714706,-0.266409522714706,-0.464980471666667,-0.328622008892157,-0.669198922254902,-0.296843146596732,-0.527762169313725,-0.450270723784314,-0.396962934117647,-0.476112305294118,-0.489488713882353,-0.688709124901961
"39",7,"WALKING_DOWNSTAIRS",-0.0921894280593972,-0.189942325353511,-0.235386051359574,0.117211778336915,0.117211778336915,-0.0400679956609575,-0.224246211159574,-0.347004318042553,-0.076245542677305,-0.228278339489716,-0.355485596907801,0.120177581940426,0.0876233632042553,-0.325977354553191,-0.321320686435106
"40",7,"SITTING",-0.471522418641944,-0.480053128241042,-0.519210844931944,-0.900194863427083,-0.900194863427083,-0.9734014753125,-0.8979669246875,-0.97893977625,-0.921742552222222,-0.975084146770833,-0.9447544859375,-0.89793620725,-0.969724525833333,-0.914443466666667,-0.976800465104167
"41",7,"STANDING",-0.473829620354497,-0.47800212950783,-0.517826779133648,-0.938157408018868,-0.938157408018868,-0.970973831132075,-0.930932261698113,-0.974742506509434,-0.944855840125786,-0.971971817672956,-0.950147485943396,-0.941449707735849,-0.96825502509434,-0.929276561981132,-0.972785293490566
"42",7,"LAYING",-0.469711092037724,-0.47350095548016,-0.524702833934295,-0.9217157685,-0.9217157685,-0.973719085961538,-0.917228046923077,-0.977106983461538,-0.943608162211538,-0.976161498173077,-0.954852101153846,-0.919259671776923,-0.966712743653846,-0.930011618942308,-0.97176047375
"43",8,"WALKING",-0.0573792674621181,-0.0846614927245139,-0.213704723460069,-0.0643643273947917,-0.0643643273947917,-0.12570164851125,-0.120924571079792,-0.4210432625,-0.0251700804854167,-0.158854307355556,-0.177121151304861,-0.228018130642708,-0.200135269945833,-0.314350713270833,-0.527133210833333
"44",8,"WALKING_UPSTAIRS",-0.103073883958049,-0.0300925764402439,-0.249481218939431,-0.0530868125121951,-0.0530868125121951,-0.184895488806098,0.0285600335853659,-0.447319522926829,0.047992217297561,-0.239732565518699,-0.0636802788004065,-0.269773685379268,-0.255558533620732,-0.206468299871951,-0.519501934390244
"45",8,"WALKING_DOWNSTAIRS",0.0943756507280702,-0.0701341326039912,-0.117193439978596,0.153968589527632,0.153968589527632,0.258018373184211,0.0263568936,-0.141837004868421,0.15203699536886,0.142671022480702,-0.100670650136974,0.0727428318684211,0.233131595578947,-0.127976521942105,-0.194082028372368
"46",8,"SITTING",-0.481640640986986,-0.49904867323913,-0.524089659282609,-0.94104165998913,-0.94104165998913,-0.983364444782609,-0.942841937717391,-0.989282049456522,-0.953462575072464,-0.984055238297101,-0.97291414423913,-0.93985151173913,-0.980126252065217,-0.959528972934783,-0.986938933369565
"47",8,"STANDING",-0.476917827557531,-0.483803300329938,-0.525079619776543,-0.945475034648148,-0.945475034648148,-0.982426518425926,-0.953036643240741,-0.98502046,-0.955632055679012,-0.983024278024691,-0.97266969154321,-0.946187128531481,-0.979440656481481,-0.959342025185185,-0.982770784814815
"48",8,"LAYING",-0.470270140308395,-0.471738108730556,-0.524423762707099,-0.924279481944444,-0.924279481944444,-0.968051003425926,-0.928362056481481,-0.973733651481481,-0.942022215746914,-0.972488197716049,-0.96193518058642,-0.924768812472222,-0.962791973333333,-0.940657960277778,-0.97009861287037
"49",9,"WALKING",-0.132936550418301,-0.206777891165385,-0.285659407560513,-0.238756409807173,-0.238756409807173,-0.260423551317308,-0.392134039182692,-0.555060234230769,-0.213164016878782,-0.316537736339712,-0.400261094330128,-0.416346487990385,-0.319604126153846,-0.538256004519231,-0.613466770961538
"50",9,"WALKING_UPSTAIRS",-0.248430241032789,-0.15709058913102,-0.358086667649796,-0.330474809285714,-0.330474809285714,-0.443076469081633,-0.254581605217347,-0.710745908673469,-0.340667970438095,-0.536839173673469,-0.336668921383673,-0.441409905204082,-0.452234430306122,-0.494162009540816,-0.760970520102041
"51",9,"WALKING_DOWNSTAIRS",-0.0898667262170635,-0.177162227669683,-0.266278568663095,0.205503244650476,0.205503244650476,-0.0612341353619048,-0.245626432697619,-0.462441929642857,-0.0402866484794841,-0.240638875339286,-0.338774080742857,0.155535554202381,0.0388606963345238,-0.385855481904762,-0.474165480357143
"52",9,"SITTING",-0.467509184635833,-0.4685581959512,-0.516295737644333,-0.8785590759,-0.8785590759,-0.9580820001,-0.9049209287,-0.969862605,-0.900969509680667,-0.961875889566667,-0.939487902233333,-0.8834453543,-0.9512227111,-0.9204544835,-0.9671563013
"53",9,"STANDING",-0.470005766164037,-0.466446558532926,-0.514876780022963,-0.940636246444444,-0.940636246444444,-0.966644378333333,-0.914660813111111,-0.967555547555556,-0.948077515925926,-0.968861569925926,-0.937438506703704,-0.943297859111111,-0.963418021777778,-0.920339363666667,-0.966131213555556
"54",9,"LAYING",-0.465786350416733,-0.483620059482667,-0.512153903611333,-0.92299761888,-0.92299761888,-0.9592006772,-0.9028414868,-0.9586631894,-0.937156672433333,-0.963207707333333,-0.943316664766667,-0.924267016797,-0.9547076489,-0.9110029585,-0.9540483624
"55",10,"WALKING",-0.0691999937738994,-0.135363111700764,-0.240097149704088,-0.156501654068868,-0.156501654068868,-0.0475083271444245,-0.279241933009434,-0.470695776603774,-0.207404658658491,-0.188372354029371,-0.277938577634277,-0.231747843120755,0.0353638575983962,-0.456188353301887,-0.51637056745283
"56",10,"WALKING_UPSTAIRS",-0.155394493960638,-0.0870034100095745,-0.290852461013298,-0.119099904845064,-0.119099904845064,-0.244024120168085,-0.0346026444289362,-0.570867661914894,-0.122917760566738,-0.34576773564766,-0.215089164637943,-0.26415212812766,-0.243959095606383,-0.216170533457447,-0.635936780212766
"57",10,"WALKING_DOWNSTAIRS",-0.0146730786482018,-0.135098975092105,-0.216855003920614,0.203920987407895,0.203920987407895,0.0807891270531579,-0.152114827155263,-0.447980033815789,0.00998688669342105,-0.0952258756127193,-0.213475384919781,0.0792207096434211,0.0975023583657895,-0.350063807368421,-0.514592501973684
"58",10,"SITTING",-0.479406444460617,-0.495056509117284,-0.526398218904815,-0.950213395555556,-0.950213395555556,-0.986632046944445,-0.953633310648148,-0.992701842037037,-0.960206588712963,-0.986182001049383,-0.97896043595679,-0.948396481759259,-0.984583771296296,-0.968459844351852,-0.991800315092593
"59",10,"STANDING",-0.46567499368303,-0.475842207017652,-0.516032163940152,-0.944626722954546,-0.944626722954546,-0.958611016477273,-0.925137035,-0.968023536022727,-0.94860989155303,-0.961813782916667,-0.947470083787879,-0.942579205227273,-0.9518698275,-0.930374146931818,-0.965334948409091
"60",10,"LAYING",-0.47075232755181,-0.479863671561897,-0.519122243156322,-0.948541737068965,-0.948541737068965,-0.971895707931034,-0.932531082155172,-0.965231890258621,-0.960306292936782,-0.974208908505747,-0.961919430632184,-0.947576541896552,-0.9669693375,-0.935696978965517,-0.960874848534483
"61",11,"WALKING",-0.208035992045763,-0.259829894683066,-0.334699252533051,-0.388029693559322,-0.388029693559322,-0.402737243389831,-0.490082228389831,-0.692202060847458,-0.358231336768249,-0.45989098706017,-0.513587022542373,-0.521485027288136,-0.406281474915254,-0.604984033305085,-0.762744261101695
"62",11,"WALKING_UPSTAIRS",-0.266332138475864,-0.258835572421296,-0.404941386848611,-0.211093385953704,-0.211093385953704,-0.500036754259259,-0.316479099675926,-0.779220926759259,-0.260446072174074,-0.569334938518519,-0.521525006663889,-0.356044453148148,-0.494815981574074,-0.465661521388889,-0.809207416296296
"63",11,"WALKING_DOWNSTAIRS",-0.11625416906087,-0.213793685689855,-0.301825197565942,0.0885010112554348,0.0885010112554348,-0.162611681673913,-0.268616594377174,-0.638522674565217,-0.0766870530710145,-0.285975996176087,-0.399426895413043,-0.0234211513532609,-0.135558375171739,-0.418364767930435,-0.691285098478261
"64",11,"SITTING",-0.474374252511164,-0.493768543616352,-0.524122597084277,-0.95327629509434,-0.95327629509434,-0.976933680943396,-0.955924480188679,-0.987887847924528,-0.96002685172956,-0.977298375660377,-0.97505459,-0.95079399754717,-0.973802232830189,-0.965255596509434,-0.986431600943396
"65",11,"STANDING",-0.479068620148298,-0.496648577702128,-0.52741951643617,-0.982579602765957,-0.982579602765957,-0.98904816893617,-0.978524724468085,-0.993003675106383,-0.982536663191489,-0.987518633404255,-0.985126859503546,-0.981879691595745,-0.988328913191489,-0.980007115319149,-0.992629244148936
"66",11,"LAYING",-0.474747920664123,-0.471982053218363,-0.528225336710526,-0.976756504824561,-0.976756504824561,-0.979917743508772,-0.95361846745614,-0.98755886245614,-0.976560281695906,-0.980374093157895,-0.974755214005848,-0.975015850087719,-0.976033652982456,-0.960971205,-0.984774152719298
"67",12,"WALKING",-0.0907702418335667,-0.230800670239233,-0.268594246720767,-0.169588709634,-0.169588709634,-0.082174986564,-0.38456935296,-0.533192113,-0.228225771649333,-0.228497010588533,-0.441057081093333,-0.281006151092,-0.021933167017,-0.4686529997,-0.563055227
"68",12,"WALKING_UPSTAIRS",-0.219247425902244,-0.240612714482051,-0.343671361832051,-0.257513981634615,-0.257513981634615,-0.381148634615385,-0.4211242675125,-0.694189422307692,-0.313055992827564,-0.480582278519231,-0.479604942923077,-0.342645274807692,-0.333724802115385,-0.579233800951923,-0.723731678269231
"69",12,"WALKING_DOWNSTAIRS",-0.0623902081065217,-0.206993203701449,-0.219004680822101,0.0577873852141304,0.0577873852141304,-0.0207564461858696,-0.266905068488478,-0.447640507065217,-0.108402032527899,-0.16958258721663,-0.367009061383696,0.0214461486782609,0.0595299812054348,-0.384246195963043,-0.472503957586957
"70",12,"SITTING",-0.472329012089477,-0.488540459173203,-0.519705036258824,-0.949846860784314,-0.949846860784314,-0.97374019127451,-0.944338241176471,-0.979326436764706,-0.953835200130719,-0.973804297156863,-0.963020482124183,-0.953295720980392,-0.972333355980392,-0.953486422745098,-0.978870420392157
"71",12,"STANDING",-0.470761736819235,-0.466873969277322,-0.514529502738251,-0.938346440163934,-0.938346440163934,-0.965734770245902,-0.870186495409836,-0.965606572786885,-0.946185294945355,-0.96790442636612,-0.928066223852459,-0.942479865901639,-0.962502302377049,-0.876194968770492,-0.962984765491803
"72",12,"LAYING",-0.468957163274533,-0.470523107635833,-0.518508527346944,-0.942373681166667,-0.942373681166667,-0.966212374666667,-0.933283154666667,-0.966539893583333,-0.952744629388889,-0.968225549777778,-0.955985248555556,-0.943000347533333,-0.962050711333333,-0.942935425083333,-0.96293060975
"73",13,"WALKING",-0.0748298675162281,-0.174716810367953,-0.184775483237719,-0.214095122429825,-0.214095122429825,-0.132496781767281,-0.235954815192982,-0.312813294991228,-0.169560985506257,-0.201309897330146,-0.322557516744737,-0.336494909807018,-0.132851712239912,-0.323712104657895,-0.343906372429825
"74",13,"WALKING_UPSTAIRS",-0.238171542738485,-0.195706416394242,-0.339779358566364,-0.213746561960909,-0.213746561960909,-0.453708192545455,-0.326420782149091,-0.650590642636364,-0.197861543931727,-0.504946449736364,-0.40489122189697,-0.388294158636364,-0.458095407818182,-0.478124054636364,-0.684175022
"75",13,"WALKING_DOWNSTAIRS",-0.0785461830302659,-0.162290823250957,-0.212142141353901,-0.0225366249191489,-0.0225366249191489,-0.0856610179510638,-0.169438556,-0.300021974824468,-0.109015955133617,-0.201983585383379,-0.299211940702837,-0.0790167891585106,-0.0496025247985106,-0.303340884212766,-0.304747382206383
"76",13,"SITTING",-0.48563058156101,-0.495974526146633,-0.526095740955442,-0.947813151122449,-0.947813151122449,-0.989155468571429,-0.957541617755102,-0.992009619693878,-0.96054309164966,-0.988342651632653,-0.97808263829932,-0.947715745336735,-0.988340419387755,-0.968763187653061,-0.99147159377551
"77",13,"STANDING",-0.478248008292722,-0.486689040304854,-0.522993027252924,-0.970041958508772,-0.970041958508772,-0.984332822105263,-0.951402785438596,-0.979917647280702,-0.971577747397661,-0.984338084473684,-0.967873066140351,-0.971419469210526,-0.981299399561403,-0.95217314245614,-0.976832367017544
"78",13,"LAYING",-0.477234195791801,-0.481790026511258,-0.526424675890591,-0.954231257419355,-0.954231257419355,-0.982767048629032,-0.944495296451613,-0.980279785241935,-0.961188468817204,-0.983118651639785,-0.968411372150538,-0.954483406370968,-0.979399367741935,-0.951907526693548,-0.975474723145161
"79",14,"WALKING",-0.192575259809689,-0.129406807748559,-0.299853483474653,-0.254105149788136,-0.254105149788136,-0.408520036779661,-0.16930533620339,-0.562999180338983,-0.189684703453362,-0.438706755932203,-0.277406088394887,-0.415503390254237,-0.442508731186441,-0.28844550059322,-0.623357299152542
"80",14,"WALKING_UPSTAIRS",-0.161269538891975,0.0834762674679012,-0.256778797596296,0.060169767775,0.060169767775,-0.310375051247222,0.332877699648148,-0.442870621630556,0.10379931860463,-0.361455078592284,0.0963812452899691,-0.109619535277778,-0.349295991687037,0.142759264657407,-0.511107344398148
"81",14,"WALKING_DOWNSTAIRS",0.0257683042770741,-0.00254419523703703,-0.16236860023,0.306971814744444,0.306971814744444,0.115034488230111,0.0499127773878889,-0.274932443533333,0.234792153261296,-0.00504079417925926,0.0147263353297037,0.325294868001111,0.190243451088333,-0.151342135629111,-0.305798278881778
"82",14,"SITTING",-0.477600136960117,-0.486386392790123,-0.52460767519537,-0.934846886666667,-0.934846886666667,-0.9749321975,-0.944918763796296,-0.987640798240741,-0.943133312435185,-0.975385819197531,-0.966872334104938,-0.934891895277778,-0.972972376203704,-0.95491925212963,-0.987194708518519
"83",14,"STANDING",-0.473832737793308,-0.475468910552639,-0.518660242068861,-0.94009621225,-0.94009621225,-0.9717014855,-0.937478110333333,-0.9708537725,-0.945790525444444,-0.972328511361111,-0.952693073555556,-0.944757464833333,-0.96994582075,-0.939610562333333,-0.967597448
"84",14,"LAYING",-0.475761311042582,-0.473544216445686,-0.519560132143101,-0.881285684705882,-0.881285684705882,-0.969513650980392,-0.909049302156863,-0.96981555254902,-0.917239134444444,-0.971244189771242,-0.947440079542484,-0.87953485795098,-0.965798015098039,-0.923955918039216,-0.965060680588235
"85",15,"WALKING",-0.165345148054972,-0.211584160721235,-0.293643352201173,-0.255196487416667,-0.255196487416667,-0.315100374064815,-0.334754796796296,-0.590882727962963,-0.258340729884444,-0.383650028101728,-0.419546283820988,-0.366750517234722,-0.31608294012963,-0.485458301111111,-0.649542662685185
"86",15,"WALKING_UPSTAIRS",-0.197345910011806,-0.199344939342257,-0.367374543929167,-0.068761806103125,-0.068761806103125,-0.314706967604167,-0.244823141319792,-0.706295983125,-0.182212497154861,-0.435056167369618,-0.428067624313194,-0.210450744395833,-0.326635039666667,-0.381139718052083,-0.762263420625
"87",15,"WALKING_DOWNSTAIRS",-0.0295609165555556,-0.173777862952579,-0.259533863059524,0.336826697630952,0.336826697630952,0.0611825516813095,-0.202968016405952,-0.536553389642857,0.0619879077845238,-0.111858289669722,-0.311527136249603,0.242137203702381,0.154460542641667,-0.361642918607143,-0.5794342875
"88",15,"SITTING",-0.481029588323599,-0.49169126975904,-0.526421028611836,-0.948323870932203,-0.948323870932203,-0.985373428813559,-0.96040335161017,-0.990954471694915,-0.95683753959322,-0.984649175480226,-0.976775415762712,-0.945473969728813,-0.98398284440678,-0.968570204152542,-0.989842450508475
"89",15,"STANDING",-0.477278025713343,-0.483883811149214,-0.523067129430189,-0.954904024433962,-0.954904024433962,-0.980744963113207,-0.93912407990566,-0.982919952735849,-0.960633436572327,-0.979898866918239,-0.963796551666667,-0.95527069509434,-0.979631436132075,-0.942786101981132,-0.981758900660377
"90",15,"LAYING",-0.474392206655,-0.473365986724769,-0.52346793085787,-0.949327384722222,-0.949327384722222,-0.976767345486111,-0.934324067430556,-0.978442533541667,-0.958046082291667,-0.977474768703704,-0.959357803865741,-0.950754797013889,-0.973105650347222,-0.935247443611111,-0.974186782291667
"91",16,"WALKING",-0.195288492954575,-0.27252628307268,-0.361165992461438,-0.365287980784314,-0.365287980784314,-0.38326552372549,-0.575505168529412,-0.69717513627451,-0.317432772369281,-0.435190409052288,-0.556210922222222,-0.501307113529412,-0.40986312254902,-0.695182771176471,-0.733204571960784
"92",16,"WALKING_UPSTAIRS",-0.234741207810131,-0.240676816975163,-0.400838330064575,-0.284392705882353,-0.284392705882353,-0.488143089803922,-0.413225107254902,-0.767499195294118,-0.284903746978431,-0.525873099640523,-0.520608565604575,-0.394786997156863,-0.497764478921569,-0.581516698529412,-0.806573979705882
"93",16,"WALKING_DOWNSTAIRS",-0.103265210791489,-0.239069705773759,-0.328269613184965,0.155131767112872,0.155131767112872,-0.122129349184043,-0.366067872021277,-0.593359425425532,-0.0210004972370922,-0.243098956531844,-0.472007661295745,0.0303091853148936,-0.083264122512234,-0.484096892744681,-0.611571477340425
"94",16,"SITTING",-0.480726879162246,-0.486457019438406,-0.528027316941546,-0.951465458405797,-0.951465458405797,-0.985544016594203,-0.942179893550725,-0.99035292942029,-0.963237761714976,-0.985509261135266,-0.967693131497585,-0.95046186542029,-0.983079595362319,-0.946462104710145,-0.988434742681159
"95",16,"STANDING",-0.480127449633271,-0.491289097135684,-0.528238228829915,-0.963621659807692,-0.963621659807692,-0.987983391217949,-0.968316973333333,-0.991829001730769,-0.970759398034188,-0.98738291775641,-0.97937459534188,-0.964128065,-0.986207702435898,-0.969511684102564,-0.990922615384615
"96",16,"LAYING",-0.478465442720369,-0.49429138922381,-0.527334890240714,-0.959865281285714,-0.959865281285714,-0.988120330071429,-0.955398567928571,-0.989525975857143,-0.964907652714286,-0.987121532571429,-0.978219824547619,-0.963066208571429,-0.987380842571429,-0.964612361428571,-0.988376839428571
"97",17,"WALKING",-0.144771734027596,-0.223046262698907,-0.28586460200929,-0.306494677295082,-0.306494677295082,-0.288383027704918,-0.428752300245902,-0.528437966065574,-0.238610483587896,-0.345980489179781,-0.446591498442623,-0.49727127557377,-0.273585375991803,-0.566969068196721,-0.551548669426229
"98",17,"WALKING_UPSTAIRS",-0.197442188242014,-0.208864454019021,-0.349967772256806,-0.0578419790395833,-0.0578419790395833,-0.374073174166667,-0.338014254608333,-0.6598395596875,-0.153804575469792,-0.450500155868056,-0.424241021458333,-0.183849406947917,-0.398841480520833,-0.500255768333333,-0.696582253020833
"99",17,"WALKING_DOWNSTAIRS",-0.141060286139239,-0.222939720847935,-0.307651559296304,0.120179389634348,0.120179389634348,-0.214104189030435,-0.292664522197283,-0.566322639347826,-0.090583815566413,-0.334813411785507,-0.429075816401812,-0.00190981225108696,-0.212609457859783,-0.419153723043478,-0.610374041956522
"100",17,"SITTING",-0.482396775779583,-0.496490100716927,-0.528421752809948,-0.96890626875,-0.96890626875,-0.9921306071875,-0.971293999609375,-0.9953907753125,-0.976017750677083,-0.991174221276042,-0.985774358229167,-0.96951321734375,-0.9908734384375,-0.97904007265625,-0.9944145440625
"101",17,"STANDING",-0.482223876402671,-0.494666221718632,-0.52860973025,-0.976506645641026,-0.976506645641026,-0.991053000897436,-0.977932706987179,-0.993022545512821,-0.978345755363248,-0.990066217692308,-0.984408076901709,-0.978236294423077,-0.98981744275641,-0.980777275128205,-0.992450621474359
"102",17,"LAYING",-0.476071409574577,-0.48834522415846,-0.525148044183099,-0.950639702323944,-0.950639702323944,-0.980867186619718,-0.960029310211268,-0.983790266126761,-0.95996009528169,-0.980745972511737,-0.974661932183099,-0.955044429014084,-0.979672275070423,-0.964519141971831,-0.982374482042254
"103",18,"WALKING",-0.20097157850119,-0.286521565066994,-0.35443385601869,-0.374127271696429,-0.374127271696429,-0.402343961696429,-0.554490619553571,-0.681538838035714,-0.365009316785714,-0.456406168065476,-0.577154292202381,-0.494974895535714,-0.429245618660714,-0.644619770446428,-0.740002348303571
"104",18,"WALKING_UPSTAIRS",-0.296701341027874,-0.257344807492529,-0.420084857274483,-0.32549394137931,-0.32549394137931,-0.590397134310345,-0.448583367068966,-0.80858890862069,-0.360339708505747,-0.641800211005747,-0.542778106321839,-0.436389998965517,-0.581203736810345,-0.593536862672414,-0.843552076551724
"105",18,"WALKING_DOWNSTAIRS",-0.236589021093636,-0.270981868527545,-0.371101346584545,-0.261733110336364,-0.261733110336364,-0.4245166886,-0.444509146527273,-0.722911296272727,-0.357092240757576,-0.510032414030303,-0.540581958069697,-0.293136484481818,-0.384981892881818,-0.569290173254545,-0.753833423372727
"106",18,"SITTING",-0.479904073093616,-0.49621784743655,-0.528116100148538,-0.982634718859649,-0.982634718859649,-0.99051446254386,-0.979503833859649,-0.994871176666667,-0.983048107953216,-0.988688709064327,-0.987129058654971,-0.983503809385965,-0.990725686929825,-0.98389393745614,-0.994887904649123
"107",18,"STANDING",-0.478193724144052,-0.488497676115297,-0.525332523972603,-0.972446520410959,-0.972446520410959,-0.985990289794521,-0.961401955616438,-0.988602810342466,-0.971723185,-0.984632853173516,-0.973030274817352,-0.975031249794521,-0.985632214931507,-0.965733025205479,-0.988684066986301
"108",18,"LAYING",-0.479441451255205,-0.496223428985128,-0.529595537246154,-0.986460392076923,-0.986460392076923,-0.988923908769231,-0.980650862307692,-0.992624088307692,-0.986164979410256,-0.98749726674359,-0.987667930897436,-0.987218448230769,-0.989129537538462,-0.982898966923077,-0.992319484615385
"109",19,"WALKING",0.0126210759439472,-0.0446480373809615,-0.0998712678698718,-0.0172876866352885,-0.0172876866352885,0.0725534345048077,0.0390993774423077,-0.218093728848077,-0.0240476134000641,-0.0227650086540064,-0.0568979359595513,-0.146283088217981,0.0253655171325,-0.118422223773077,-0.299295777923077
"110",19,"WALKING_UPSTAIRS",-0.0766344231604583,-0.130907381822917,-0.21611722516875,-0.080142817276125,-0.080142817276125,-0.1991251495,-0.1630086071,-0.4400954084125,-0.0820106155735833,-0.23300985217,-0.220162451435417,-0.22394113111,-0.3110312835075,-0.332986510175,-0.532736787625
"111",19,"WALKING_DOWNSTAIRS",0.150737072323504,0.0450369145106838,0.0255673542804701,0.529038350858974,0.529038350858974,0.442551233347436,0.327912920255128,0.0218415797833333,0.358366811572863,0.256467808106496,0.130825025501282,0.334750306589744,0.427375630738462,0.118008215976923,-0.0830795385384615
"112",19,"SITTING",-0.477019645548137,-0.481086072928699,-0.52730411319863,-0.956914861438356,-0.956914861438356,-0.985314580479452,-0.946360425890411,-0.987640800616438,-0.962851425342466,-0.98460440109589,-0.971202004360731,-0.957717427808219,-0.983719459726027,-0.957361592876712,-0.986071931575342
"113",19,"STANDING",-0.475810036824884,-0.482266972117534,-0.523398816659886,-0.961527513013699,-0.961527513013699,-0.981354880821918,-0.93984803630137,-0.984435532808219,-0.965146276780822,-0.98092351086758,-0.960802503744292,-0.966584949794521,-0.97915728109589,-0.947650839041096,-0.983382596164384
"114",19,"LAYING",-0.476499540818739,-0.489339633615752,-0.523389565093434,-0.964727147951807,-0.964727147951807,-0.982726313915663,-0.954585039638554,-0.982794004277108,-0.975721846084337,-0.982444023915663,-0.973230539718876,-0.968007087650602,-0.98003687626506,-0.961560374457831,-0.980609158915663
"115",20,"WALKING",-0.027432113901634,-0.0542060689984967,-0.130361674429412,-0.0587640556713333,-0.0587640556713333,-0.0109296792960784,0.0159210979147059,-0.172378700021569,-0.0131998687892157,-0.103515225482222,-0.10144778272866,-0.196733711126471,0.0117309611872549,-0.124108397982549,-0.176170550368824
"116",20,"WALKING_UPSTAIRS",-0.149070575673693,-0.0772222865542157,-0.223038788442778,-0.0947723471058824,-0.0947723471058824,-0.247527806058824,-0.115799865990196,-0.41366224245098,-0.112431802586405,-0.33939667221536,-0.155923453466993,-0.262625153745098,-0.247732029209804,-0.323788029323529,-0.476607495098039
"117",20,"WALKING_DOWNSTAIRS",-0.0260332142455556,-0.0309291904842222,-0.12420734690037,0.197243974688889,0.197243974688889,-0.00727569979477778,0.0316328499113333,-0.27188765198,0.126844314579185,-0.101534270241219,-0.0565065558366667,0.0760649609277778,0.0464148475888889,-0.126124045351111,-0.296662879251111
"118",20,"SITTING",-0.474544181821086,-0.486561996515152,-0.520025268870455,-0.945251035606061,-0.945251035606061,-0.975656224924242,-0.940322172727273,-0.979043213030303,-0.952992731969697,-0.976902435505051,-0.961857629015151,-0.944532341590909,-0.972164103409091,-0.948562412045455,-0.975667471060606
"119",20,"STANDING",-0.462026412564991,-0.452433948421233,-0.502504460419635,-0.91653947609589,-0.91653947609589,-0.947539635684931,-0.863679219452055,-0.937132644726027,-0.923906702465753,-0.952619223242009,-0.901618949429224,-0.919938737739726,-0.938016465068493,-0.864282510958904,-0.928412863767123
"120",20,"LAYING",-0.476496941997076,-0.487469172065931,-0.52612943467402,-0.950116285367647,-0.950116285367647,-0.982415880441176,-0.961300485220588,-0.98391440125,-0.967596268602941,-0.982393340147059,-0.97687673504902,-0.947360578411765,-0.9796303275,-0.967019078308823,-0.981552986764706
"121",21,"WALKING",-0.0840583414649135,-0.191431831729103,-0.236208547614744,-0.211582706846154,-0.211582706846154,-0.115993894208654,-0.346540039615385,-0.438650356923077,-0.169338299802244,-0.214087440046795,-0.366404904528846,-0.344708090038462,-0.0813416653144231,-0.460882712115385,-0.464460334423077
"122",21,"WALKING_UPSTAIRS",-0.189486727021986,-0.173635459729858,-0.317775853492731,-0.179759801320213,-0.179759801320213,-0.379615784755319,-0.294609361830851,-0.61282953106383,-0.162787873573759,-0.414847220322695,-0.34593399903227,-0.330626030425532,-0.416582778276596,-0.479388491617021,-0.664948079574468
"123",21,"WALKING_DOWNSTAIRS",-0.044554328358,-0.184534177036296,-0.274249650579259,0.255056801357778,0.255056801357778,0.00750488025111111,-0.286635174101111,-0.480979770444444,0.101381772327778,-0.132453383410148,-0.370471888622222,0.159511516243333,0.0878239671308889,-0.445441129333333,-0.531235891444444
"124",21,"SITTING",-0.477771363203096,-0.490635012547855,-0.526675708833871,-0.973364625352941,-0.973364625352941,-0.986234045117647,-0.968098087705882,-0.990304791294118,-0.974313257078431,-0.984932435372549,-0.980829572137255,-0.974638410117647,-0.986166954117647,-0.974933476823529,-0.990538238705882
"125",21,"STANDING",-0.472784153206807,-0.480719865070655,-0.520260115670581,-0.957847098146067,-0.957847098146067,-0.973185838426966,-0.947725776797753,-0.976505385955056,-0.959532272509363,-0.973560762097378,-0.959706819906367,-0.961166589269663,-0.971280206910112,-0.952243097640449,-0.97691669011236
"126",21,"LAYING",-0.476714145830648,-0.492521138907407,-0.524428486874259,-0.947391507333333,-0.947391507333333,-0.980676474666667,-0.949284019111111,-0.984081189222222,-0.956530540333333,-0.980501690648148,-0.970881196166667,-0.949109071055556,-0.978024501388889,-0.956042794,-0.982649216277778
"127",22,"WALKING",0.0085257348090942,-0.162347290686232,-0.222493316577899,-0.0446749376556522,-0.0446749376556522,0.0672264461478261,-0.300691863815217,-0.482552920652174,-0.0724535384717391,-0.0450749676165652,-0.306436890528985,-0.202778902266304,0.112129736863043,-0.451198925108696,-0.515175695978261
"128",22,"WALKING_UPSTAIRS",-0.0745021894051984,-0.163235226876746,-0.311781797504405,0.02576256675,0.02576256675,-0.0917170974976191,-0.1652950504,-0.621872446666667,0.0154368640142857,-0.205057008449881,-0.325527908896825,-0.210408366908333,-0.0985509359154762,-0.301962515785714,-0.688933268928571
"129",22,"WALKING_DOWNSTAIRS",-0.0395140299768519,-0.194279341510185,-0.239621309775278,0.232133350235833,0.232133350235833,-0.0258712804709722,-0.212627646770833,-0.538619513333333,0.0475630518009259,-0.151125127222685,-0.341258127425926,0.0490032991527778,-0.0480259975930556,-0.340140499097222,-0.640480978333333
"130",22,"SITTING",-0.47635576167578,-0.485456033854032,-0.523033445329301,-0.933251768953226,-0.933251768953226,-0.973940245403226,-0.937672959919355,-0.980989900564516,-0.946608239639785,-0.975792097688172,-0.960720420483871,-0.934938133459677,-0.967967286532258,-0.942757888548387,-0.977046781451613
"131",22,"STANDING",-0.471620428411746,-0.477719085871693,-0.51754814675582,-0.947336988174603,-0.947336988174603,-0.967350550952381,-0.916200429761905,-0.972344838809524,-0.95268414005291,-0.970654383888889,-0.949284267010582,-0.946391809126984,-0.958198918809524,-0.916143841031746,-0.966861262460317
"132",22,"LAYING",-0.47081492432581,-0.470029718095139,-0.523216349702963,-0.922200780229167,-0.922200780229167,-0.965509800555556,-0.925263969652778,-0.977959313680556,-0.938814349652778,-0.96754045375,-0.952723883194444,-0.921543121118056,-0.959145202986111,-0.934804099583333,-0.974714000902778
"133",23,"WALKING",-0.037903661135339,-0.0773225559820622,-0.107043971405876,-0.154433187196441,-0.154433187196441,-0.0469507009466102,0.075624812835678,0.130851872584407,-0.113770118826554,-0.134247680538983,-0.147218525303955,-0.250919073465254,-0.0319039017838983,0.0618008113118644,0.217226592581356
"134",23,"WALKING_UPSTAIRS",-0.162240495346732,-0.154067111659804,-0.306734292627124,-0.141823700748039,-0.141823700748039,-0.336926367254902,-0.261630069053235,-0.527821169607843,-0.0853169375053268,-0.385535403140523,-0.309665134242157,-0.320715152784314,-0.378646454833333,-0.425439934327451,-0.575687555784314
"135",23,"WALKING_DOWNSTAIRS",0.0393252509184877,-0.0764634140777778,-0.121095950798148,0.178787551023148,0.178787551023148,0.202534837857407,0.0465444192388889,0.00658953588425926,0.115269433600216,0.0154349100509259,-0.11493721630679,0.159718479218519,0.279745113916667,-0.0340523455509259,0.0174090431740741
"136",23,"SITTING",-0.475489582581605,-0.48988591223701,-0.524116800790686,-0.934522018088235,-0.934522018088235,-0.978022139852941,-0.936799762132353,-0.982870531985294,-0.949511542245098,-0.979810680392157,-0.964611637573529,-0.936463974264706,-0.973119241691176,-0.945487026911765,-0.979603124779412
"137",23,"STANDING",-0.475273827923436,-0.478125507418529,-0.520763815194853,-0.954441062279412,-0.954441062279412,-0.976741506838235,-0.931113429485294,-0.974393308897059,-0.960352581176471,-0.977666833210784,-0.953341798333333,-0.956638766764706,-0.974425921617647,-0.934694625588235,-0.973224251176471
"138",23,"LAYING",-0.477897948309514,-0.488379844126343,-0.526805609872917,-0.960415593680556,-0.960415593680556,-0.986847924444444,-0.953322793472222,-0.982936155138889,-0.971433522986111,-0.986698152777778,-0.975894064259259,-0.963106374305556,-0.986222952291667,-0.962632443055556,-0.981715997777778
"139",24,"WALKING",-0.200932277453736,-0.247845549958908,-0.291632074765517,-0.390523816293103,-0.390523816293103,-0.404773381810345,-0.483463684741379,-0.531923755862069,-0.333375598646552,-0.440914599968391,-0.484289067528736,-0.512442378793103,-0.410810515258621,-0.601270982844827,-0.569521061982759
"140",24,"WALKING_UPSTAIRS",-0.246646441428842,-0.235557386163842,-0.360747978208531,-0.266628646016949,-0.266628646016949,-0.464778155169492,-0.419182449983051,-0.648465991016949,-0.279681997108475,-0.525385835,-0.48718538200565,-0.364292183474576,-0.444724288305085,-0.556867992372881,-0.649995810338983
"141",24,"WALKING_DOWNSTAIRS",-0.121571749460242,-0.239438851972121,-0.253043150057576,-0.0481269142963636,-0.0481269142963636,-0.203304457427273,-0.334330341881818,-0.478156045363636,-0.162997652813091,-0.283354618312121,-0.447303430157576,-0.0992309356692727,-0.141792814131364,-0.422222978454545,-0.476240206
"142",24,"SITTING",-0.478805855027115,-0.49465591942549,-0.526410805939951,-0.966379419852941,-0.966379419852941,-0.985487139264706,-0.9669452075,-0.991015477720588,-0.969965866078431,-0.984484055220588,-0.979926560539216,-0.967378646764706,-0.985041841470588,-0.973539809926471,-0.990893904705882
"143",24,"STANDING",-0.474003644820266,-0.486331176792029,-0.522533989229952,-0.948981014710145,-0.948981014710145,-0.975364648478261,-0.953811686449275,-0.98119149384058,-0.955680083961353,-0.975823219589372,-0.966578745386473,-0.954794322246377,-0.972723432391304,-0.95916474557971,-0.980437168913043
"144",24,"LAYING",-0.477512061481111,-0.487140614055556,-0.525632751113426,-0.970604438333333,-0.970604438333333,-0.984567598958333,-0.955810723680556,-0.980719988055555,-0.976025922824074,-0.984189923055556,-0.974980759837963,-0.972117046041667,-0.983196600277778,-0.962685234027778,-0.979346860902778
"145",25,"WALKING",-0.265584969558041,-0.26314776121232,-0.360119030817005,-0.485445448040541,-0.485445448040541,-0.540580743581081,-0.442085893716216,-0.717749306959459,-0.431145124706982,-0.566942696418919,-0.538234436711712,-0.599493749324324,-0.541797795945946,-0.54599774804054,-0.763843337905405
"146",25,"WALKING_UPSTAIRS",-0.338610625278538,-0.240180585795821,-0.414749001820256,-0.392889424461538,-0.392889424461538,-0.676836951692308,-0.353194407979231,-0.800994664692308,-0.386665571492308,-0.710191804205128,-0.520081626515385,-0.532013927384615,-0.679114401615385,-0.476883231361538,-0.831732459076923
"147",25,"WALKING_DOWNSTAIRS",-0.25089070305431,-0.209338674432414,-0.345623586692701,-0.239786922267241,-0.239786922267241,-0.491730130603448,-0.299121743490517,-0.672159788275862,-0.325676671242241,-0.541866048235632,-0.425776510537356,-0.323795933810345,-0.486933439827586,-0.454735455887931,-0.690033345172414
"148",25,"SITTING",-0.48023538308118,-0.494744289320513,-0.526552775677949,-0.965206375769231,-0.965206375769231,-0.988928473692308,-0.968603922153846,-0.992315526538462,-0.970726129333333,-0.987956081051282,-0.982031333435897,-0.964507630461538,-0.987780313307692,-0.974836405461538,-0.991900630615385
"149",25,"STANDING",-0.478668328772255,-0.488223833015991,-0.523979199150676,-0.970369610743243,-0.970369610743243,-0.983642076081081,-0.963480858581081,-0.984161400405405,-0.972190906013514,-0.982843133626126,-0.97342369954955,-0.971279526824324,-0.982188742905405,-0.965031448243243,-0.983558383108108
"150",25,"LAYING",-0.466865825328014,-0.444253783261187,-0.517866470615639,-0.604866272020548,-0.604866272020548,-0.962046480616438,-0.832852957534246,-0.969046392534247,-0.799887246677854,-0.96316956869863,-0.916730491210046,-0.712917592630137,-0.961842180136986,-0.880394167123288,-0.969354778219178
"151",26,"WALKING",-0.151513576021667,-0.2375924864,-0.28071184789209,-0.322623742864407,-0.322623742864407,-0.285054389576271,-0.465210655084746,-0.557933748983051,-0.287728405353107,-0.346830078310734,-0.465938131497175,-0.458510354915254,-0.281153403305085,-0.580696914830509,-0.616195689661017
"152",26,"WALKING_UPSTAIRS",-0.217116617331545,-0.246811487800606,-0.332194865842061,-0.146790803090909,-0.146790803090909,-0.369497620545455,-0.429229728909091,-0.654964753363636,-0.252590871796061,-0.473580770724242,-0.489767359606061,-0.220896305322727,-0.344342911545455,-0.562858389090909,-0.671713478636364
"153",26,"WALKING_DOWNSTAIRS",-0.0835674086510033,-0.1942807028183,-0.210761021790767,0.130690531401,0.130690531401,-0.130080111358,-0.265736457253,-0.4409603027,-0.0768709018943333,-0.219349956482333,-0.353436929883333,0.040425560641,-0.110556552546,-0.36375029986,-0.480849066
"154",26,"SITTING",-0.482152998166752,-0.496814916760684,-0.527667782146962,-0.94334138875641,-0.94334138875641,-0.990442273717949,-0.959397484102564,-0.994249826666667,-0.960953027008547,-0.989604310064103,-0.978563776944444,-0.943499371429487,-0.989501607820513,-0.970057261153846,-0.994097608653846
"155",26,"STANDING",-0.478631870574099,-0.49184784941982,-0.524790548944369,-0.965604496756757,-0.965604496756757,-0.984805733310811,-0.965663770540541,-0.986399308851351,-0.970861787792793,-0.984579443288288,-0.977020504391892,-0.967257274864865,-0.982003101081081,-0.96765035722973,-0.984538125810811
"156",26,"LAYING",-0.478769772715535,-0.482318052807895,-0.531113097861842,-0.970570116381579,-0.970570116381579,-0.989536276842105,-0.958770208355263,-0.991057667236842,-0.979665485065789,-0.988611103881579,-0.980322758925439,-0.967922872894737,-0.988519823881579,-0.970222199144737,-0.990029463157895
"157",27,"WALKING",-0.128694974630848,-0.231783523182982,-0.29584131522426,-0.323104831140351,-0.323104831140351,-0.248319744824561,-0.439545554736842,-0.590652914035088,-0.28939527128655,-0.292158916802632,-0.470344170467836,-0.438811005350877,-0.269833017587719,-0.533169925263158,-0.631265291929825
"158",27,"WALKING_UPSTAIRS",-0.243737069515033,-0.212028038249477,-0.381896103446765,-0.270269071127451,-0.270269071127451,-0.471838994607843,-0.393960573022549,-0.712283128137255,-0.269405205513072,-0.52338382248366,-0.480770452869281,-0.431318335784314,-0.466890918333333,-0.565501852803922,-0.735447058333333
"159",27,"WALKING_DOWNSTAIRS",-0.075276414982197,-0.187804519512992,-0.239742229044697,0.1146238303625,0.1146238303625,-0.0770289764534091,-0.236367648188636,-0.453177059842045,-0.0841858689890151,-0.208110816308333,-0.357580675973106,0.0393022274011364,-0.0513841904829545,-0.378548960170455,-0.485304571113636
"160",27,"SITTING",-0.481366300637214,-0.496635927660476,-0.527137760892857,-0.974504171785714,-0.974504171785714,-0.989333858928571,-0.967173803357143,-0.993073770142857,-0.976758618785714,-0.988303968976191,-0.982635831,-0.972825881785714,-0.988652460285714,-0.975005543571429,-0.992179020285714
"161",27,"STANDING",-0.477496510989044,-0.492706238880208,-0.525720402843333,-0.9695567009375,-0.9695567009375,-0.9847533549375,-0.9671981453125,-0.9891759439375,-0.971967737395833,-0.983862076520833,-0.978321439583333,-0.97035764375,-0.9835869618125,-0.9704628679375,-0.988998787375
"162",27,"LAYING",-0.478787682162995,-0.491348002657613,-0.530245402497027,-0.980505914189189,-0.980505914189189,-0.9884797725,-0.969416663648649,-0.993919678513514,-0.983228594527027,-0.987244103828829,-0.98425958018018,-0.980842678378378,-0.988136881081081,-0.975848452364865,-0.993558038986486
"163",28,"WALKING",-0.164193674222839,-0.20853275484929,-0.280538816781173,-0.28668002015,-0.28668002015,-0.344836541851852,-0.385643803555556,-0.563054976388889,-0.25966328935679,-0.381559747483333,-0.41426436732716,-0.431865256111111,-0.398542233055556,-0.515706999444444,-0.59251841712963
"164",28,"WALKING_UPSTAIRS",-0.196881743327288,-0.198643574884314,-0.332251098613399,-0.199084585215686,-0.199084585215686,-0.356724293235294,-0.370169313698039,-0.645205959215686,-0.258731689392157,-0.445316258339869,-0.414421647593464,-0.274072766792157,-0.334464661696078,-0.531511213235294,-0.683679288431372
"165",28,"WALKING_DOWNSTAIRS",-0.0507359221949275,-0.138311377532207,-0.181005547880978,0.119912390256522,0.119912390256522,-0.0563216444532609,-0.146365234357609,-0.3737748205,-0.0410816209136956,-0.165518767608333,-0.247759514656884,0.0573907050097826,-0.050621117551087,-0.293129315319565,-0.430721479347826
"166",28,"SITTING",-0.470479119908333,-0.484482013106944,-0.521327840513194,-0.951786205972222,-0.951786205972222,-0.971788006458333,-0.953120775555556,-0.979827538819444,-0.956047707361111,-0.972165096921296,-0.964567572268519,-0.953104774236111,-0.970001011527778,-0.956915908819444,-0.978930619444444
"167",28,"STANDING",-0.465071567518312,-0.460373500565338,-0.509298678110274,-0.921564992911392,-0.921564992911392,-0.956810189493671,-0.885580007658228,-0.957973749620253,-0.925465129873418,-0.958445010189873,-0.918348256877637,-0.926501818797468,-0.953845460253165,-0.894056049177215,-0.957371000696203
"168",28,"LAYING",-0.473648200836325,-0.483138661905833,-0.519364078374583,-0.956343129875,-0.956343129875,-0.975883994875,-0.9330239173125,-0.9739967739375,-0.9599304425625,-0.9777023371875,-0.959291776854167,-0.9592998031875,-0.9728861885625,-0.93794668675,-0.9705752018125
"169",29,"WALKING",-0.108864890626667,-0.202522559974874,-0.280349837156887,-0.179108201478302,-0.179108201478302,-0.186633975518868,-0.319693682075472,-0.559232527641509,-0.184381865858962,-0.280793547115094,-0.405594478628616,-0.314470405518868,-0.139242352858491,-0.422987341981132,-0.623584419245283
"170",29,"WALKING_UPSTAIRS",-0.195528165017551,-0.104384486983027,-0.336200214253741,-0.016563001227551,-0.016563001227551,-0.299405004540816,-0.0180424238032653,-0.665093560714286,-0.107259271136156,-0.435050650160884,-0.259401540329252,-0.132150079430612,-0.259845801612245,-0.215772683393878,-0.726959369591837
"171",29,"WALKING_DOWNSTAIRS",-0.0883022803657292,-0.17065879987533,-0.266426286635243,0.119093157927083,0.119093157927083,-0.0847034808291667,-0.195188953623958,-0.568115752604167,-0.0818736655218056,-0.218924110480208,-0.323655100229514,0.0414435785177083,-0.0396612680903125,-0.352242228486771,-0.6116273040625
"172",29,"SITTING",-0.480675428013833,-0.500866332949444,-0.527306900405,-0.973653669166667,-0.973653669166667,-0.9906257685,-0.966977678416667,-0.995148826083333,-0.975739823472222,-0.989326425027778,-0.983926081638889,-0.972282275833333,-0.989958306583333,-0.975640399416667,-0.9949025385
"173",29,"STANDING",-0.480072698711895,-0.49478059796359,-0.527230953197436,-0.983245515923077,-0.983245515923077,-0.990640554538462,-0.978008002923077,-0.991799165538461,-0.982691988666667,-0.989282674410256,-0.983874558435897,-0.983397905384615,-0.990060913615385,-0.978409225846154,-0.991594415153846
"174",29,"LAYING",-0.48146918583529,-0.489436622179952,-0.532443782509662,-0.984032672173913,-0.984032672173913,-0.993686142318841,-0.974481858043478,-0.997494299202899,-0.987604451763285,-0.991615095772947,-0.987792533888889,-0.984200214492754,-0.99418247173913,-0.980340193985507,-0.997601309927536
"175",30,"WALKING",-0.180503793624872,-0.0985663786251282,-0.271310597702359,-0.277506722253846,-0.277506722253846,-0.352931367384615,-0.144904905519308,-0.509523001076923,-0.251420941174359,-0.406027240928205,-0.223186630531051,-0.406108283923077,-0.356858775653846,-0.344943048461538,-0.563100898923077
"176",30,"WALKING_UPSTAIRS",-0.3023382178,-0.131584952313385,-0.385029748009487,-0.232519336544462,-0.232519336544462,-0.579218903,-0.1414509508,-0.746609676769231,-0.232474760045744,-0.639757905102564,-0.314165199380513,-0.397548217307692,-0.565331511923077,-0.30031150673,-0.782661938461539
"177",30,"WALKING_DOWNSTAIRS",-0.13656134953414,-0.150163255292231,-0.303513234923118,-0.0254836165645968,-0.0254836165645968,-0.209510993067742,-0.151902431283065,-0.59599954,-0.129680895332312,-0.317059069691129,-0.296751273170081,-0.0872168314625,-0.12954285249016,-0.304567114960726,-0.631541378225806
"178",30,"SITTING",-0.47907813449328,-0.493276563173387,-0.526561441642581,-0.950194344032258,-0.950194344032258,-0.986928347822581,-0.958244306048387,-0.992508806612903,-0.961464387446237,-0.986008393655914,-0.974969343091398,-0.951733560322581,-0.985560645,-0.966695110080645,-0.991348553306452
"179",30,"STANDING",-0.46756850654885,-0.466224071779096,-0.515770410283051,-0.923572008135593,-0.923572008135593,-0.960993730677966,-0.900569100847458,-0.964495472881356,-0.933810849576271,-0.965799755367232,-0.93092243980226,-0.926890341864407,-0.949998731440678,-0.903160822627119,-0.957125364661017
"180",30,"LAYING",-0.473736325647833,-0.486279215380952,-0.524206732132619,-0.964998945785714,-0.964998945785714,-0.974437555142857,-0.956774681071429,-0.980631778,-0.967146354119048,-0.976547183309524,-0.969893089571429,-0.963446315571429,-0.969018523785714,-0.957322824142857,-0.976651442142857
